﻿<?xml version="1.0" encoding="UTF-8" standalone="yes"?>
<addon id="Repository Ichigotv" name="IchigoTV Repository " version="0.0.1" provider-name="cymaluz">
	<extension point="xbmc.addon.repository" name="IchigoTV Add-on Repository">
		<info compressed="false">http://raw.github.com/cymaluz/Repository Ichigotv/master/addons.xml</info>
		<checksum>http://raw.github.com/cymaluz/Repository Ichigotv/master/addons.xml.md5</checksum>
		<datadir zip="true">http://raw.github.com/cymaluz/Repository Ichigotv/master/repo/</datadir>
	</extension>
	<extension point="xbmc.addon.metadata">
		<summary>IchigoTV Addon</summary>
		<description>Addon Description</description>
		<disclaimer></disclaimer>
		<platform>all</platform>
	</extension>
</addon>